{
  "name": "ScienceCostTweakerM",
  "version": "0.17.8",
  "factorio_version":"0.17",
  "title": "ScienceCostTweaker Mod (mexmer)",
  "author": "mexmer",
  "dependencies": ["base >= 0.17.0", "? omnimatter_science >= 3.0.3" ],
  "contact": "mexmer@github.com",
  "homepage": "https://github.com/mexmer/ScienceCostTweakerM",
  "description": "Allows the cost of research to be tweaked, in terms of count, science packs and time. Edit its configs costs *.lua to tweak the multipliers. - Original mod made by UberWafe, this is adopted 0.17 version"
}
