{
  "name": "LogisticTrainNetwork",
  "version": "1.10.6",
  "title": "LTN - Logistic Train Network",
  "author": "Optera",
  "contact": "https://forums.factorio.com/memberlist.php?mode=viewprofile&u=21729",
  "homepage": "https://forums.factorio.com/viewforum.php?f=214",
  "description": "Adds new train stops forming a highly configurable, fully automated logistic network.",
  "factorio_version": "0.17",
	"dependencies": ["base >= 0.17.24", "OpteraLib >= 0.1.2", "?cargo-ships >= 0.0.27", "?creative-mod >= 1.0.4"]
}
