{
  "name": "LoaderRedux",
  "version": "1.4.8",
  "title": "Loader Redux",
  "author": "Optera",
	"contact": "https://forums.factorio.com/memberlist.php?mode=viewprofile&u=21729",
  "homepage": "https://forums.factorio.com/viewtopic.php?f=97&t=48412",
  "description": "Adds Loaders. Rewritten add-loader with new loader snapping logic and graphics from Arch666Angel.",
	"factorio_version": "0.17",
	"dependencies": ["base >= 0.17.23", "OpteraLib >= 0.1.1", "?boblogistics >= 0.17.5", "?bobplates >= 0.17.2"]
}